tick,seconds,original_y,original_height,original_speed,previous_cpp_y,previous_cpp_height,previous_cpp_speed,previous_cpp_crashed,corrected_cpp_y,corrected_cpp_height,corrected_cpp_speed
0,0.0,29080,0,0,29080,0,0,0,29080,0,0
8,0.015998,29080,0,53,29080,0,50,0,29080,0,53
16,0.031995,29079,0,106,29079,0,100,0,29079,0,106
24,0.047993,29078,0,159,29079,0,150,0,29078,0,159
32,0.06399,29077,0,212,29078,0,199,0,29077,0,212
40,0.079988,29076,0,264,29076,0,248,0,29076,0,264
48,0.095986,29074,0,315,29074,0,297,0,29074,0,315
56,0.111983,29071,0,365,29072,0,344,0,29071,0,365
64,0.127981,29068,0,415,29070,0,391,0,29068,0,415
72,0.143978,29065,0,465,29067,0,437,0,29065,0,465
80,0.159976,29062,0,513,29063,0,483,0,29062,0,513
88,0.175973,29058,0,561,29060,0,528,0,29058,0,561
96,0.191971,29054,0,608,29056,0,572,0,29054,0,608
104,0.207969,29049,0,655,29051,0,616,0,29049,0,655
112,0.223966,29044,0,701,29047,0,659,0,29044,0,701
120,0.239964,29039,0,746,29042,0,702,0,29039,0,746
128,0.255961,29033,0,791,29036,0,744,0,29033,0,791
136,0.271959,29027,0,835,29031,0,785,0,29027,0,835
144,0.287957,29021,0,879,29025,0,826,0,29021,0,879
152,0.303954,29014,0,922,29018,0,866,0,29014,0,922
160,0.319952,29007,0,963,29012,0,906,0,29007,0,963
168,0.335949,29000,0,1005,29005,0,945,0,29000,0,1005
176,0.351947,28992,0,1046,28998,0,983,0,28992,0,1046
184,0.367944,28984,0,1087,28990,0,1021,0,28984,0,1087
192,0.383942,28976,0,1127,28983,0,1059,0,28976,0,1127
200,0.39994,28967,0,1166,28975,0,1095,0,28967,0,1166
208,0.415937,28958,8,1205,28966,0,1132,0,28958,8,1205
216,0.431935,28949,16,1244,28958,8,1168,0,28949,16,1244
224,0.447932,28940,24,1276,28949,8,1197,0,28940,24,1276
232,0.46393,28930,32,1264,28940,16,1183,0,28930,32,1264
240,0.479928,28921,40,1249,28931,23,1166,0,28921,40,1249
248,0.495925,28911,48,1235,28922,30,1150,0,28911,48,1235
256,0.511923,28902,56,1220,28914,38,1133,0,28902,56,1220
264,0.52792,28893,64,1207,28905,45,1118,0,28893,64,1207
272,0.543918,28884,71,1193,28897,52,1102,0,28884,71,1193
280,0.559916,28875,79,1180,28889,58,1087,0,28875,79,1180
288,0.575913,28866,86,1166,28881,65,1071,0,28866,86,1166
296,0.591911,28858,93,1153,28873,72,1056,0,28858,93,1153
304,0.607908,28849,100,1140,28865,78,1041,0,28849,100,1140
312,0.623906,28841,107,1128,28857,84,1027,0,28841,107,1128
320,0.639903,28832,114,1115,28850,90,1012,0,28832,114,1115
328,0.655901,28824,121,1103,28842,97,998,0,28824,121,1103
336,0.671899,28816,127,1091,28835,102,983,0,28816,127,1091
344,0.687896,28808,134,1078,28827,108,970,0,28808,134,1078
352,0.703894,28800,140,1067,28820,114,956,0,28800,140,1067
360,0.719891,28792,147,1056,28813,120,943,0,28792,147,1056
368,0.735889,28784,153,1044,28806,125,929,0,28784,153,1044
376,0.751887,28776,159,1033,28799,130,916,0,28776,159,1033
384,0.767884,28769,165,1021,28792,136,904,0,28769,165,1021
392,0.783882,28761,171,1010,28786,141,891,0,28761,171,1010
400,0.799879,28754,177,1000,28779,146,879,0,28754,177,1000
408,0.815877,28746,183,989,28773,151,867,0,28746,183,989
416,0.831874,28739,189,979,28766,156,854,0,28739,189,979
424,0.847872,28731,194,969,28760,161,842,0,28731,194,969
432,0.86387,28724,200,958,28754,166,831,0,28724,200,958
440,0.879867,28717,205,948,28748,170,819,0,28717,205,948
448,0.895865,28710,210,937,28742,175,808,0,28710,210,937
456,0.911862,28703,216,927,28736,179,797,0,28703,216,927
464,0.92786,28696,221,918,28730,184,785,0,28696,221,918
472,0.943858,28689,226,909,28724,188,774,0,28689,226,909
480,0.959855,28683,231,900,28718,192,764,0,28683,231,900
488,0.975853,28676,236,890,28713,196,753,0,28676,236,890
496,0.99185,28670,241,881,28707,200,743,0,28670,241,881
504,1.007848,28663,246,872,28702,204,732,0,28663,246,872
512,1.023846,28657,251,863,28696,208,722,0,28657,251,863
520,1.039843,28650,256,854,28691,212,712,0,28650,256,854
528,1.055841,28644,261,846,28686,215,702,0,28644,261,846
536,1.071838,28637,265,838,28681,219,691,0,28637,265,838
544,1.087836,28631,270,830,28676,222,682,0,28631,270,830
552,1.103833,28625,274,822,28671,226,673,0,28625,274,822
560,1.119831,28619,279,813,28666,229,664,0,28619,279,813
568,1.135829,28613,283,805,28661,233,655,0,28613,283,805
576,1.151826,28607,288,797,28656,236,645,0,28607,288,797
584,1.167824,28601,292,789,28651,239,636,0,28601,292,789
592,1.183821,28595,296,781,28647,243,627,0,28595,296,781
600,1.199819,28589,300,774,28642,246,619,0,28589,300,774
608,1.215817,28584,305,767,28638,249,611,0,28584,305,767
616,1.231814,28578,309,760,28633,252,602,0,28578,309,760
624,1.247812,28573,313,752,28629,255,594,0,28573,313,752
632,1.263809,28567,316,745,28624,258,586,0,28567,316,745
640,1.279807,28562,320,738,28620,260,578,0,28562,320,738
648,1.295804,28556,324,731,28616,263,569,0,28556,324,731
656,1.311802,28551,328,724,28612,266,561,0,28551,328,724
664,1.3278,28545,332,716,28608,269,553,0,28545,332,716
672,1.343797,28540,335,710,28604,271,546,0,28540,335,710
680,1.359795,28535,339,704,28600,274,539,0,28535,339,704
688,1.375792,28530,342,698,28596,276,531,0,28530,342,698
696,1.39179,28525,346,691,28592,278,524,0,28525,346,691
704,1.407788,28520,349,685,28588,281,517,0,28520,349,685
712,1.423785,28515,352,679,28584,283,510,0,28515,352,679
720,1.439783,28510,356,673,28581,285,503,0,28510,356,673
728,1.45578,28505,359,667,28577,287,495,0,28505,359,667
736,1.471778,28500,362,661,28574,289,488,0,28500,362,661
744,1.487776,28495,366,655,28570,291,481,0,28495,366,655
752,1.503773,28490,369,649,28567,293,475,0,28490,369,649
760,1.519771,28485,372,643,28563,295,469,0,28485,372,643
768,1.535768,28480,375,638,28560,297,463,0,28480,375,638
776,1.551766,28476,378,633,28556,299,456,0,28476,378,633
784,1.567763,28471,381,628,28553,301,450,0,28471,381,628
792,1.583761,28467,385,622,28550,303,444,0,28467,385,622
800,1.599759,28462,388,617,28547,304,438,0,28462,388,617
808,1.615756,28458,391,612,28544,306,432,0,28458,391,612
816,1.631754,28453,394,607,28541,308,426,0,28453,394,607
824,1.647751,28449,397,602,28538,309,420,0,28449,397,602
832,1.663749,28444,399,597,28535,311,414,0,28444,399,597
840,1.679747,28440,402,592,28532,313,408,0,28440,402,592
848,1.695744,28435,405,587,28529,314,403,0,28435,405,587
856,1.711742,28431,408,582,28526,316,398,0,28431,408,582
864,1.727739,28427,411,577,28523,317,393,0,28427,411,577
872,1.743737,28423,414,571,28520,319,387,0,28423,414,571
880,1.759734,28419,416,567,28517,320,382,0,28419,416,567
888,1.775732,28415,419,563,28515,322,377,0,28415,419,563
896,1.79173,28411,422,559,28512,323,372,0,28411,422,559
904,1.807727,28407,424,555,28510,324,367,0,28407,424,555
912,1.823725,28403,427,551,28507,326,362,0,28403,427,551
920,1.839722,28399,429,547,28505,327,357,0,28399,429,547
928,1.85572,28395,432,543,28502,328,352,0,28395,432,543
936,1.871718,28391,434,539,28500,329,347,0,28391,434,539
944,1.887715,28387,437,535,28497,331,342,0,28387,437,535
952,1.903713,28383,439,530,28495,332,337,0,28383,439,530
960,1.91971,28379,442,526,28492,333,332,0,28379,442,526
968,1.935708,28375,444,522,28490,334,327,0,28375,444,522
976,1.951706,28371,447,518,28487,335,323,0,28371,447,518
984,1.967703,28367,449,514,28485,336,319,0,28367,449,514
992,1.983701,28363,451,510,28483,337,315,0,28363,451,510
1000,1.999698,28360,453,506,28481,338,311,0,28360,453,506
1008,2.015696,28356,456,502,28479,339,307,0,28356,456,502
1016,2.031693,28353,458,499,28477,340,303,0,28353,458,499
1024,2.047691,28349,460,495,28475,341,299,0,28349,460,495
1032,2.063689,28346,462,492,28473,342,295,0,28346,462,492
1040,2.079686,28342,464,489,28471,342,291,0,28342,464,489
1048,2.095684,28339,466,486,28469,343,287,0,28339,466,486
1056,2.111681,28335,468,483,28467,344,283,0,28335,468,483
1064,2.127679,28332,470,480,28465,345,279,0,28332,470,480
1072,2.143677,28328,472,477,28463,345,274,0,28328,472,477
1080,2.159674,28325,474,474,28461,346,270,0,28325,474,474
1088,2.175672,28321,476,471,28459,347,266,0,28321,476,471
1096,2.191669,28318,478,467,28457,347,262,0,28318,478,467
1104,2.207667,28314,480,464,28455,348,259,0,28314,480,464
1112,2.223664,28311,482,461,28453,348,256,0,28311,482,461
1120,2.239662,28307,484,458,28451,349,253,0,28307,484,458
1128,2.25566,28304,485,455,28450,349,250,0,28304,485,455
1136,2.271657,28300,487,452,28448,350,247,0,28300,487,452
1144,2.287655,28297,489,449,28447,350,244,0,28297,489,449
1152,2.303652,28294,491,446,28445,350,241,0,28294,491,446
1160,2.31965,28291,492,443,28444,351,238,0,28291,492,443
1168,2.335648,28288,494,440,28442,351,235,0,28288,494,440
1176,2.351645,28285,496,437,28441,351,232,0,28285,496,437
1184,2.367643,28282,498,434,28439,352,229,0,28282,498,434
1192,2.38364,28279,499,431,28438,352,226,0,28279,499,431
1200,2.399638,28276,501,428,28436,352,223,0,28276,501,428
1208,2.415636,28273,503,427,28435,352,220,0,28273,503,427
1216,2.431633,28270,505,424,28433,352,217,0,28270,505,424
1224,2.447631,28267,507,423,28432,352,214,0,28267,507,423
1232,2.463628,28264,509,421,28430,353,211,0,28264,509,421
1240,2.479626,28261,510,419,28429,353,208,0,28261,510,419
1248,2.495623,28258,512,417,28427,353,205,0,28258,512,417
1256,2.511621,28255,514,415,28426,353,202,0,28255,514,415
1264,2.527619,28252,516,413,28424,353,199,0,28252,516,413
1272,2.543616,28249,518,411,28423,353,196,0,28249,518,411
1280,2.559614,28246,520,409,28421,353,193,0,28246,520,409
1288,2.575611,28243,521,407,28420,353,190,0,28243,521,407
1296,2.591609,28240,523,405,28419,353,188,0,28240,523,405
1304,2.607607,28237,525,403,28418,353,186,0,28237,525,403
1312,2.623604,28234,527,401,28417,353,184,0,28234,527,401
1320,2.639602,28231,529,399,28416,353,182,0,28231,529,399
1328,2.655599,28228,531,397,28415,353,180,0,28228,531,397
1336,2.671597,28225,532,395,28414,353,178,0,28225,532,395
1344,2.687594,28222,534,393,28413,353,176,0,28222,534,393
1352,2.703592,28219,536,391,28412,353,174,0,28219,536,391
1360,2.71959,28216,538,389,28411,353,172,0,28216,538,389
1368,2.735587,28213,540,387,28410,353,170,0,28213,540,387
1376,2.751585,28210,542,385,28409,352,168,0,28210,542,385
1384,2.767582,28208,544,383,28408,352,166,0,28208,544,383
1392,2.78358,28205,546,381,28407,352,164,0,28205,546,381
1400,2.799578,28203,547,379,28406,352,162,0,28203,547,379
1408,2.815575,28200,549,377,28405,352,160,0,28200,549,377
1416,2.831573,28198,551,375,28404,352,158,0,28198,551,375
1424,2.84757,28195,553,373,28403,352,156,0,28195,553,373
1432,2.863568,28193,555,372,28402,352,154,0,28193,555,372
1440,2.879566,28190,557,369,28401,352,152,0,28190,557,369
1448,2.895563,28188,559,368,28400,352,150,0,28188,559,368
1456,2.911561,28185,561,366,28399,352,148,0,28185,561,366
1464,2.927558,28183,563,364,28398,352,146,0,28183,563,364
1472,2.943556,28180,564,361,28397,352,144,0,28180,564,361
1480,2.959553,28178,566,356,28396,352,142,0,28178,566,356
1488,2.975551,28175,568,351,28395,352,140,0,28175,568,351
1496,2.991549,28173,570,347,28394,351,138,0,28173,570,347
1504,3.007546,28170,572,342,28393,351,136,0,28170,572,342
1512,3.023544,28168,574,338,28392,351,134,0,28168,574,338
1520,3.039541,28165,575,334,28391,351,132,0,28165,575,334
1528,3.055539,28163,577,330,28390,351,130,0,28163,577,330
1536,3.071537,28160,579,326,28389,351,128,0,28160,579,326
1544,3.087534,28158,580,322,28389,351,126,0,28158,580,322
1552,3.103532,28156,582,318,28388,351,124,0,28156,582,318
1560,3.119529,28154,583,314,28388,351,122,0,28154,583,314
1568,3.135527,28152,585,310,28387,351,120,0,28152,585,310
1576,3.151524,28150,586,305,28387,350,119,0,28150,586,305
1584,3.167522,28148,588,301,28386,350,118,0,28148,588,301
1592,3.18352,28146,589,297,28386,350,117,0,28146,589,297
1600,3.199517,28144,591,293,28385,350,116,0,28144,591,293
1608,3.215515,28142,592,289,28385,350,115,0,28142,592,289
1616,3.231512,28140,593,285,28384,350,114,0,28140,593,285
1624,3.24751,28138,595,281,28384,350,113,0,28138,595,281
1632,3.263508,28136,596,277,28383,349,112,0,28136,596,277
1640,3.279505,28134,597,274,28383,349,111,0,28134,597,274
1648,3.295503,28132,599,270,28382,349,110,0,28132,599,270
1656,3.3115,28130,600,267,28382,349,109,0,28130,600,267
1664,3.327498,28128,601,264,28381,349,108,0,28128,601,264
1672,3.343496,28126,602,262,28381,348,107,0,28126,602,262
1680,3.359493,28124,603,263,28380,348,106,0,28124,603,263
1688,3.375491,28122,604,264,28380,348,105,0,28122,604,264
1696,3.391488,28120,606,266,28379,348,104,0,28120,606,266
1704,3.407486,28118,607,267,28379,347,103,0,28118,607,267
1712,3.423483,28116,608,268,28378,347,105,0,28116,608,268
1720,3.439481,28114,610,269,28378,347,107,0,28114,610,269
1728,3.455479,28112,611,270,28377,346,109,0,28112,611,270
1736,3.471476,28110,612,271,28377,346,111,0,28110,612,271
1744,3.487474,28108,614,272,28376,345,113,0,28108,614,272
1752,3.503471,28106,615,274,28376,345,115,0,28106,615,274
1760,3.519469,28104,617,275,28375,344,117,0,28104,617,275
1768,3.535467,28102,618,276,28375,344,120,0,28102,618,276
1776,3.551464,28100,620,277,28374,343,122,0,28100,620,277
1784,3.567462,28098,622,278,28374,343,124,0,28098,622,278
1792,3.583459,28096,623,279,28373,342,126,0,28096,623,279
1800,3.599457,28094,625,281,28373,341,128,0,28094,625,281
1808,3.615454,28092,627,282,28372,341,130,0,28092,627,282
1816,3.631452,28090,628,283,28371,340,132,0,28090,628,283
1824,3.64745,28088,630,284,28370,339,134,0,28088,630,284
1832,3.663447,28086,632,285,28369,339,137,0,28086,632,285
1840,3.679445,28084,634,286,28368,338,139,0,28084,634,286
1848,3.695442,28082,635,288,28367,337,141,0,28082,635,288
1856,3.71144,28080,637,288,28366,336,142,0,28080,637,288
1864,3.727438,28078,639,290,28365,335,143,0,28078,639,290
1872,3.743435,28076,641,291,28364,334,144,0,28076,641,291
1880,3.759433,28074,643,292,28363,333,146,0,28074,643,292
1888,3.77543,28072,645,292,28362,332,147,0,28072,645,292
1896,3.791428,28070,646,293,28361,331,148,0,28070,646,293
1904,3.807426,28068,648,294,28360,330,149,0,28068,648,294
1912,3.823423,28066,650,295,28359,329,150,0,28066,650,295
1920,3.839421,28064,652,296,28358,328,152,0,28064,652,296
1928,3.855418,28062,654,295,28357,327,153,0,28062,654,295
1936,3.871416,28060,655,296,28356,325,154,0,28060,655,296
1944,3.887413,28058,657,297,28355,324,155,0,28058,657,297
1952,3.903411,28056,659,296,28354,323,156,0,28056,659,296
1960,3.919409,28054,661,297,28353,322,158,0,28054,661,297
1968,3.935406,28052,663,296,28352,320,159,0,28052,663,296
1976,3.951404,28050,664,297,28351,319,160,0,28050,664,297
1984,3.967401,28048,666,298,28350,318,161,0,28048,666,298
1992,3.983399,28046,668,297,28349,316,163,0,28046,668,297
2000,3.999397,28044,670,298,28348,315,164,0,28044,670,298
2008,4.015394,28042,672,297,28347,313,165,0,28042,672,297
2016,4.031392,28040,673,298,28346,312,166,0,28040,673,298
2024,4.047389,28038,675,297,28345,310,168,0,28038,675,297
2032,4.063387,28036,677,298,28344,309,169,0,28036,677,298
2040,4.079385,28034,679,297,28343,307,170,0,28034,679,297
2048,4.095382,28032,680,298,28342,305,171,0,28032,680,298
2056,4.11138,28030,682,297,28341,304,173,0,28030,682,297
2064,4.127377,28028,684,298,28340,302,174,0,28028,684,298
2072,4.143375,28026,686,299,28339,300,175,0,28026,686,299
2080,4.159372,28024,687,298,28338,299,176,0,28024,687,298
2088,4.17537,28022,689,299,28337,297,178,0,28022,689,299
2096,4.191368,28020,691,298,28336,295,179,0,28020,691,298
2104,4.207365,28018,693,299,28335,293,180,0,28018,693,299
2112,4.223363,28016,695,298,28334,291,181,0,28016,695,298
2120,4.23936,28014,696,299,28333,289,183,0,28014,696,299
2128,4.255358,28012,698,298,28332,287,184,0,28012,698,298
2136,4.271356,28010,700,299,28331,285,185,0,28010,700,299
2144,4.287353,28008,702,298,28330,283,186,0,28008,702,298
2152,4.303351,28006,703,299,28329,281,188,0,28006,703,299
2160,4.319348,28004,705,298,28328,279,189,0,28004,705,298
2168,4.335346,28002,707,299,28327,277,190,0,28002,707,299
2176,4.351343,28000,709,298,28326,275,192,0,28000,709,298
2184,4.367341,27998,711,299,28325,273,193,0,27998,711,299
2192,4.383339,27996,712,298,28324,271,194,0,27996,712,298
2200,4.399336,27994,714,299,28323,268,195,0,27994,714,299
2208,4.415334,27992,716,300,28322,266,197,0,27992,716,300
2216,4.431331,27990,718,299,28321,264,198,0,27990,718,299
2224,4.447329,27988,719,300,28320,262,199,0,27988,719,300
2232,4.463327,27986,721,299,28319,259,201,0,27986,721,299
2240,4.479324,27984,723,300,28318,257,202,0,27984,723,300
2248,4.495322,27982,725,299,28317,254,203,0,27982,725,299
2256,4.511319,27980,727,300,28316,252,205,0,27980,727,300
2264,4.527317,27978,728,299,28315,249,206,0,27978,728,299
2272,4.543315,27976,730,300,28314,247,207,0,27976,730,300
2280,4.559312,27974,732,299,28312,244,208,0,27974,732,299
2288,4.57531,27972,734,300,28311,242,210,0,27972,734,300
2296,4.591307,27970,735,299,28309,239,211,0,27970,735,299
2304,4.607305,27968,737,300,28308,237,212,0,27968,737,300
2312,4.623302,27966,739,299,28306,234,214,0,27966,739,299
2320,4.6393,27964,741,300,28305,231,215,0,27964,741,300
2328,4.655298,27962,742,299,28303,229,216,0,27962,742,299
2336,4.671295,27960,744,300,28302,226,218,0,27960,744,300
2344,4.687293,27958,746,299,28300,223,219,0,27958,746,299
2352,4.70329,27956,748,300,28299,220,220,0,27956,748,300
2360,4.719288,27954,750,299,28297,217,222,0,27954,750,299
2368,4.735286,27952,751,300,28296,214,223,0,27952,751,300
2376,4.751283,27950,753,301,28294,211,224,0,27950,753,301
2384,4.767281,27948,755,300,28293,209,226,0,27948,755,300
2392,4.783278,27946,757,301,28291,206,227,0,27946,757,301
2400,4.799276,27944,759,300,28290,203,228,0,27944,759,300
2408,4.815273,27942,760,301,28288,199,229,0,27942,760,301
2416,4.831271,27940,762,300,28287,196,231,0,27940,762,300
2424,4.847269,27938,764,301,28285,193,232,0,27938,764,301
2432,4.863266,27936,766,300,28284,190,233,0,27936,766,300
2440,4.879264,27934,767,301,28282,187,235,0,27934,767,301
2448,4.895261,27932,769,300,28281,184,236,0,27932,769,300
2456,4.911259,27930,771,301,28279,181,237,0,27930,771,301
2464,4.927257,27928,773,300,28278,177,239,0,27928,773,300
2472,4.943254,27926,775,301,28276,174,240,0,27926,775,301
2480,4.959252,27924,776,300,28275,171,241,0,27924,776,300
2488,4.975249,27922,778,301,28273,167,243,0,27922,778,301
2496,4.991247,27920,780,300,28272,164,244,0,27920,780,300
2504,5.007245,27918,782,301,28270,160,245,0,27918,782,301
2512,5.023242,27916,784,300,28269,157,247,0,27916,784,300
2520,5.03924,27914,785,301,28267,154,248,0,27914,785,301
2528,5.055237,27912,787,300,28266,150,249,0,27912,787,300
2536,5.071235,27910,789,301,28264,146,251,0,27910,789,301
2544,5.087232,27908,791,300,28263,143,252,0,27908,791,300
2552,5.10323,27906,792,301,28261,139,254,0,27906,792,301
2560,5.119228,27904,794,300,28260,136,255,0,27904,794,300
2568,5.135225,27902,796,301,28258,132,256,0,27902,796,301
2576,5.151223,27900,798,300,28257,128,258,0,27900,798,300
2584,5.16722,27898,800,301,28255,125,259,0,27898,800,301
2592,5.183218,27896,801,302,28254,121,260,0,27896,801,302
2600,5.199216,27894,803,301,28252,117,261,0,27894,803,301
2608,5.215213,27892,805,302,28251,113,262,0,27892,805,302
2616,5.231211,27890,807,301,28249,110,262,0,27890,807,301
2624,5.247208,27888,809,302,28248,106,264,0,27888,809,302
2632,5.263206,27886,810,301,28246,102,265,0,27886,810,301
2640,5.279203,27884,812,302,28245,98,266,0,27884,812,302
2648,5.295201,27882,814,301,28243,95,267,0,27882,814,301
2656,5.311199,27880,816,302,28242,91,267,0,27880,816,302
2664,5.327196,27878,817,301,28240,87,269,0,27878,817,301
2672,5.343194,27876,819,302,28239,83,270,0,27876,819,302
2680,5.359191,27874,821,301,28237,79,271,0,27874,821,301
2688,5.375189,27872,823,302,28236,76,272,0,27872,823,302
2696,5.391187,27870,825,301,28234,72,273,0,27870,825,301
2704,5.407184,27868,826,302,28233,68,274,0,27868,826,302
2712,5.423182,27866,828,301,28231,64,275,0,27866,828,301
2720,5.439179,27864,830,302,28230,60,275,0,27864,830,302
2728,5.455177,27862,832,301,28228,56,277,0,27862,832,301
2736,5.471175,27860,833,302,28227,52,278,0,27860,833,302
2744,5.487172,27858,835,301,28225,49,279,0,27858,835,301
2752,5.50317,27856,837,302,28224,45,280,0,27856,837,302
2760,5.519167,27854,839,301,28222,41,281,0,27854,839,301
2768,5.535165,27852,841,302,28221,37,283,0,27852,841,302
2776,5.551162,27850,842,301,28219,33,284,0,27850,842,301
2784,5.56716,27848,844,302,28218,29,284,0,27848,844,302
2792,5.583158,27846,846,301,28216,25,286,0,27846,846,301
2800,5.599155,27844,848,302,28214,21,287,0,27844,848,302
2808,5.615153,27842,850,301,28212,16,0,1,27842,850,301
2816,5.63115,27840,851,302,28212,16,0,1,27840,851,302
2824,5.647148,27838,853,301,28212,16,0,1,27838,853,301
2832,5.663146,27836,855,302,28212,16,0,1,27836,855,302
2840,5.679143,27834,857,301,28212,16,0,1,27834,857,301
2848,5.695141,27832,858,302,28212,16,0,1,27832,858,302
2856,5.711138,27830,860,301,28212,16,0,1,27830,860,301
2864,5.727136,27828,862,302,28212,16,0,1,27828,862,302
2872,5.743133,27826,864,301,28212,16,0,1,27826,864,301
2880,5.759131,27824,866,302,28212,16,0,1,27824,866,302
2888,5.775129,27822,867,301,28212,16,0,1,27822,867,301
2896,5.791126,27820,869,302,28212,16,0,1,27820,869,302
2904,5.807124,27818,871,301,28212,16,0,1,27818,871,301
2912,5.823121,27816,873,302,28212,16,0,1,27816,873,302
2920,5.839119,27814,874,301,28212,16,0,1,27814,874,301
2928,5.855117,27812,876,302,28212,16,0,1,27812,876,302
2936,5.871114,27810,878,303,28212,16,0,1,27810,878,303
2944,5.887112,27808,880,302,28212,16,0,1,27808,880,302
2952,5.903109,27806,881,303,28212,16,0,1,27806,881,303
2960,5.919107,27804,883,302,28212,16,0,1,27804,883,302
2968,5.935105,27802,885,303,28212,16,0,1,27802,885,303
2976,5.951102,27800,887,302,28212,16,0,1,27800,887,302
2984,5.9671,27798,888,303,28212,16,0,1,27798,888,303
2992,5.983097,27796,890,302,28212,16,0,1,27796,890,302
3000,5.999095,27794,892,303,28212,16,0,1,27794,892,303
3008,6.015092,27792,894,302,28212,16,0,1,27792,894,302
3016,6.03109,27790,895,303,28212,16,0,1,27790,895,303
3024,6.047088,27788,897,302,28212,16,0,1,27788,897,302
3032,6.063085,27786,899,303,28212,16,0,1,27786,899,303
3040,6.079083,27784,901,302,28212,16,0,1,27784,901,302
3048,6.09508,27782,902,303,28212,16,0,1,27782,902,303
3056,6.111078,27780,904,302,28212,16,0,1,27780,904,302
3064,6.127076,27778,906,303,28212,16,0,1,27778,906,303
3072,6.143073,27776,908,302,28212,16,0,1,27776,908,302
3080,6.159071,27774,909,303,28212,16,0,1,27774,909,303
3088,6.175068,27772,911,302,28212,16,0,1,27772,911,302
3096,6.191066,27770,913,303,28212,16,0,1,27770,913,303
3104,6.207063,27768,915,302,28212,16,0,1,27768,915,302
3112,6.223061,27766,916,303,28212,16,0,1,27766,916,303
3120,6.239059,27764,918,302,28212,16,0,1,27764,918,302
3128,6.255056,27762,920,303,28212,16,0,1,27762,920,303
3136,6.271054,27760,922,302,28212,16,0,1,27760,922,302
3144,6.287051,27758,924,303,28212,16,0,1,27758,924,303
3152,6.303049,27756,925,302,28212,16,0,1,27756,925,302
3160,6.319047,27754,927,303,28212,16,0,1,27754,927,303
3168,6.335044,27752,929,302,28212,16,0,1,27752,929,302
3176,6.351042,27750,931,303,28212,16,0,1,27750,931,303
3184,6.367039,27748,932,302,28212,16,0,1,27748,932,302
3192,6.383037,27746,934,303,28212,16,0,1,27746,934,303
3200,6.399035,27744,936,302,28212,16,0,1,27744,936,302
3208,6.415032,27742,937,303,28212,16,0,1,27742,937,303
3216,6.43103,27740,939,302,28212,16,0,1,27740,939,302
3224,6.447027,27738,941,303,28212,16,0,1,27738,941,303
3232,6.463025,27736,943,302,28212,16,0,1,27736,943,302
3240,6.479022,27734,944,303,28212,16,0,1,27734,944,303
3248,6.49502,27732,946,302,28212,16,0,1,27732,946,302
3256,6.511018,27730,948,303,28212,16,0,1,27730,948,303
3264,6.527015,27728,949,302,28212,16,0,1,27728,949,302
3272,6.543013,27726,951,303,28212,16,0,1,27726,951,303
3280,6.55901,27724,953,302,28212,16,0,1,27724,953,302
3288,6.575008,27722,955,303,28212,16,0,1,27722,955,303
3296,6.591006,27720,956,301,28212,16,0,1,27720,956,301
3304,6.607003,27718,958,301,28212,16,0,1,27718,958,301
3312,6.623001,27716,960,301,28212,16,0,1,27716,960,301
3320,6.638998,27714,961,301,28212,16,0,1,27714,961,301
3328,6.654996,27712,963,301,28212,16,0,1,27712,963,301
3336,6.670993,27710,965,300,28212,16,0,1,27710,965,300
3344,6.686991,27708,966,301,28212,16,0,1,27708,966,301
3352,6.702989,27706,968,300,28212,16,0,1,27706,968,300
3360,6.718986,27704,970,301,28212,16,0,1,27704,970,301
3368,6.734984,27702,971,300,28212,16,0,1,27702,971,300
3376,6.750981,27700,973,301,28212,16,0,1,27700,973,301
3384,6.766979,27698,975,300,28212,16,0,1,27698,975,300
3392,6.782977,27696,976,301,28212,16,0,1,27696,976,301
3400,6.798974,27694,978,300,28212,16,0,1,27694,978,300
3408,6.814972,27692,980,301,28212,16,0,1,27692,980,301
3416,6.830969,27690,981,300,28212,16,0,1,27690,981,300
3424,6.846967,27688,983,301,28212,16,0,1,27688,983,301
3432,6.862965,27686,985,300,28212,16,0,1,27686,985,300
3440,6.878962,27684,986,301,28212,16,0,1,27684,986,301
3448,6.89496,27682,988,300,28212,16,0,1,27682,988,300
3456,6.910957,27680,990,301,28212,16,0,1,27680,990,301
3464,6.926955,27678,991,300,28212,16,0,1,27678,991,300
3472,6.942952,27676,993,301,28212,16,0,1,27676,993,301
3480,6.95895,27674,995,300,28212,16,0,1,27674,995,300
3488,6.974948,27672,996,301,28212,16,0,1,27672,996,301
3496,6.990945,27670,998,300,28212,16,0,1,27670,998,300
3504,7.006943,27668,999,301,28212,16,0,1,27668,999,301
3512,7.02294,27666,1001,300,28212,16,0,1,27666,1001,300
3520,7.038938,27664,1003,301,28212,16,0,1,27664,1003,301
3528,7.054936,27662,1004,300,28212,16,0,1,27662,1004,300
3536,7.070933,27660,1006,301,28212,16,0,1,27660,1006,301
3544,7.086931,27658,1008,300,28212,16,0,1,27658,1008,300
3552,7.102928,27656,1009,301,28212,16,0,1,27656,1009,301
3560,7.118926,27654,1011,300,28212,16,0,1,27654,1011,300
3568,7.134923,27652,1012,301,28212,16,0,1,27652,1012,301
3576,7.150921,27650,1014,300,28212,16,0,1,27650,1014,300
3584,7.166919,27648,1016,301,28212,16,0,1,27648,1016,301
3592,7.182916,27646,1017,300,28212,16,0,1,27646,1017,300
3600,7.198914,27644,1019,301,28212,16,0,1,27644,1019,301
3608,7.214911,27642,1020,300,28212,16,0,1,27642,1020,300
3616,7.230909,27640,1022,301,28212,16,0,1,27640,1022,301
3624,7.246907,27638,1024,300,28212,16,0,1,27638,1024,300
3632,7.262904,27636,1025,301,28212,16,0,1,27636,1025,301
3640,7.278902,27634,1027,300,28212,16,0,1,27634,1027,300
3648,7.294899,27632,1028,301,28212,16,0,1,27632,1028,301
3656,7.310897,27630,1030,300,28212,16,0,1,27630,1030,300
3664,7.326895,27628,1031,301,28212,16,0,1,27628,1031,301
3672,7.342892,27626,1033,300,28212,16,0,1,27626,1033,300
3680,7.35889,27624,1035,301,28212,16,0,1,27624,1035,301
3688,7.374887,27622,1036,300,28212,16,0,1,27622,1036,300
3696,7.390885,27620,1038,301,28212,16,0,1,27620,1038,301
3704,7.406882,27618,1039,300,28212,16,0,1,27618,1039,300
3712,7.42288,27616,1041,299,28212,16,0,1,27616,1041,299
3720,7.438878,27614,1042,300,28212,16,0,1,27614,1042,300
3728,7.454875,27612,1044,299,28212,16,0,1,27612,1044,299
3736,7.470873,27610,1046,300,28212,16,0,1,27610,1046,300
3744,7.48687,27608,1047,299,28212,16,0,1,27608,1047,299
3752,7.502868,27606,1049,300,28212,16,0,1,27606,1049,300
3760,7.518866,27604,1050,299,28212,16,0,1,27604,1050,299
3768,7.534863,27602,1052,300,28212,16,0,1,27602,1052,300
3776,7.550861,27600,1053,299,28212,16,0,1,27600,1053,299
3784,7.566858,27598,1055,300,28212,16,0,1,27598,1055,300
3792,7.582856,27596,1056,299,28212,16,0,1,27596,1056,299
3800,7.598853,27594,1058,300,28212,16,0,1,27594,1058,300
3808,7.614851,27592,1059,298,28212,16,0,1,27592,1059,298
3816,7.630849,27590,1061,300,28212,16,0,1,27590,1061,300
3824,7.646846,27588,1062,298,28212,16,0,1,27588,1062,298
3832,7.662844,27586,1064,300,28212,16,0,1,27586,1064,300
3840,7.678841,27584,1065,298,28212,16,0,1,27584,1065,298
3848,7.694839,27582,1067,300,28212,16,0,1,27582,1067,300
3856,7.710837,27580,1068,298,28212,16,0,1,27580,1068,298
3864,7.726834,27578,1070,299,28212,16,0,1,27578,1070,299
3872,7.742832,27576,1071,298,28212,16,0,1,27576,1071,298
3880,7.758829,27574,1073,299,28212,16,0,1,27574,1073,299
3888,7.774827,27572,1074,298,28212,16,0,1,27572,1074,298
3896,7.790825,27570,1076,297,28212,16,0,1,27570,1076,297
3904,7.806822,27568,1077,298,28212,16,0,1,27568,1077,298
3912,7.82282,27566,1079,297,28212,16,0,1,27566,1079,297
3920,7.838817,27564,1080,298,28212,16,0,1,27564,1080,298
3928,7.854815,27562,1082,297,28212,16,0,1,27562,1082,297
3936,7.870812,27560,1083,298,28212,16,0,1,27560,1083,298
3944,7.88681,27558,1084,297,28212,16,0,1,27558,1084,297
3952,7.902808,27556,1086,298,28212,16,0,1,27556,1086,298
3960,7.918805,27554,1087,297,28212,16,0,1,27554,1087,297
3968,7.934803,27552,1089,298,28212,16,0,1,27552,1089,298
3976,7.9508,27550,1090,297,28212,16,0,1,27550,1090,297
3984,7.966798,27548,1092,298,28212,16,0,1,27548,1092,298
3992,7.982796,27546,1093,297,28212,16,0,1,27546,1093,297
4000,7.998793,27544,1095,298,28212,16,0,1,27544,1095,298
